Date,Average Temperature(℃),Month,Month Name,Year,Season,Season_Index
01/01/1924,-2.5,1,Jan,1924,Winter,4
01/02/1924,-1.8,2,Feb,1924,Winter,4
01/03/1924,1.1,3,Mar,1924,Spring,1
01/04/1924,11.1,4,Apr,1924,Spring,1
01/05/1924,16,5,May,1924,Spring,1
01/06/1924,21.2,6,Jun,1924,Summer,2
01/07/1924,25.6,7,Jul,1924,Summer,2
01/08/1924,27,8,Aug,1924,Summer,2
01/09/1924,20.3,9,Sep,1924,Autumn,3
01/10/1924,12.6,10,Oct,1924,Autumn,3
01/11/1924,3.3,11,Nov,1924,Autumn,3
01/12/1924,-1.6,12,Dec,1924,Winter,4
01/01/1925,-4.1,1,Jan,1925,Winter,4
01/02/1925,-2.9,2,Feb,1925,Winter,4
01/03/1925,1.5,3,Mar,1925,Spring,1
01/04/1925,9.8,4,Apr,1925,Spring,1
01/05/1925,16.1,5,May,1925,Spring,1
01/06/1925,20.6,6,Jun,1925,Summer,2
01/07/1925,23.3,7,Jul,1925,Summer,2
01/08/1925,25.2,8,Aug,1925,Summer,2
01/09/1925,19.8,9,Sep,1925,Autumn,3
01/10/1925,13.3,10,Oct,1925,Autumn,3
01/11/1925,7.4,11,Nov,1925,Autumn,3
01/12/1925,-1.4,12,Dec,1925,Winter,4
01/01/1926,-4.8,1,Jan,1926,Winter,4
01/02/1926,-2.5,2,Feb,1926,Winter,4
01/03/1926,3.1,3,Mar,1926,Spring,1
01/04/1926,9.1,4,Apr,1926,Spring,1
01/05/1926,16.7,5,May,1926,Spring,1
01/06/1926,20.7,6,Jun,1926,Summer,2
01/07/1926,24.1,7,Jul,1926,Summer,2
01/08/1926,25.4,8,Aug,1926,Summer,2
01/09/1926,20.3,9,Sep,1926,Autumn,3
01/10/1926,11.5,10,Oct,1926,Autumn,3
01/11/1926,6.3,11,Nov,1926,Autumn,3
01/12/1926,-4,12,Dec,1926,Winter,4
01/01/1927,-4.1,1,Jan,1927,Winter,4
01/02/1927,-2.9,2,Feb,1927,Winter,4
01/03/1927,3.4,3,Mar,1927,Spring,1
01/04/1927,11.7,4,Apr,1927,Spring,1
01/05/1927,13.8,5,May,1927,Spring,1
01/06/1927,21.2,6,Jun,1927,Summer,2
01/07/1927,25.7,7,Jul,1927,Summer,2
01/08/1927,25,8,Aug,1927,Summer,2
01/09/1927,19.6,9,Sep,1927,Autumn,3
01/10/1927,12.8,10,Oct,1927,Autumn,3
01/11/1927,7.7,11,Nov,1927,Autumn,3
01/12/1927,-2,12,Dec,1927,Winter,4
01/01/1928,-5.2,1,Jan,1928,Winter,4
01/02/1928,-2.3,2,Feb,1928,Winter,4
01/03/1928,4.1,3,Mar,1928,Spring,1
01/04/1928,12.1,4,Apr,1928,Spring,1
01/05/1928,16.5,5,May,1928,Spring,1
01/06/1928,21.5,6,Jun,1928,Summer,2
01/07/1928,25,7,Jul,1928,Summer,2
01/08/1928,25.7,8,Aug,1928,Summer,2
01/09/1928,20.3,9,Sep,1928,Autumn,3
01/10/1928,12.3,10,Oct,1928,Autumn,3
01/11/1928,5.2,11,Nov,1928,Autumn,3
01/12/1928,-1.9,12,Dec,1928,Winter,4
01/01/1929,-4.8,1,Jan,1929,Winter,4
01/02/1929,-2.8,2,Feb,1929,Winter,4
01/03/1929,4.4,3,Mar,1929,Spring,1
01/04/1929,10.4,4,Apr,1929,Spring,1
01/05/1929,16.7,5,May,1929,Spring,1
01/06/1929,22.9,6,Jun,1929,Summer,2
01/07/1929,25.9,7,Jul,1929,Summer,2
01/08/1929,26.2,8,Aug,1929,Summer,2
01/09/1929,18.8,9,Sep,1929,Autumn,3
01/10/1929,12.8,10,Oct,1929,Autumn,3
01/11/1929,4.9,11,Nov,1929,Autumn,3
01/12/1929,1.5,12,Dec,1929,Winter,4
01/01/1930,-4.5,1,Jan,1930,Winter,4
01/02/1930,0.9,2,Feb,1930,Winter,4
01/03/1930,6.3,3,Mar,1930,Spring,1
01/04/1930,12.5,4,Apr,1930,Spring,1
01/05/1930,16.7,5,May,1930,Spring,1
01/06/1930,21.4,6,Jun,1930,Summer,2
01/07/1930,25.5,7,Jul,1930,Summer,2
01/08/1930,26.4,8,Aug,1930,Summer,2
01/09/1930,19.5,9,Sep,1930,Autumn,3
01/10/1930,14,10,Oct,1930,Autumn,3
01/11/1930,3.1,11,Nov,1930,Autumn,3
01/12/1930,-0.8,12,Dec,1930,Winter,4
01/01/1931,-3.9,1,Jan,1931,Winter,4
01/02/1931,-2.7,2,Feb,1931,Winter,4
01/03/1931,4.7,3,Mar,1931,Spring,1
01/04/1931,8.8,4,Apr,1931,Spring,1
01/05/1931,16.3,5,May,1931,Spring,1
01/06/1931,21.4,6,Jun,1931,Summer,2
01/07/1931,22.4,7,Jul,1931,Summer,2
01/08/1931,25,8,Aug,1931,Summer,2
01/09/1931,20,9,Sep,1931,Autumn,3
01/10/1931,11.9,10,Oct,1931,Autumn,3
01/11/1931,7.7,11,Nov,1931,Autumn,3
01/12/1931,-1,12,Dec,1931,Winter,4
01/01/1932,-0.6,1,Jan,1932,Winter,4
01/02/1932,-1.4,2,Feb,1932,Winter,4
01/03/1932,2.8,3,Mar,1932,Spring,1
01/04/1932,9.9,4,Apr,1932,Spring,1
01/05/1932,17,5,May,1932,Spring,1
01/06/1932,21.7,6,Jun,1932,Summer,2
01/07/1932,25.9,7,Jul,1932,Summer,2
01/08/1932,25.6,8,Aug,1932,Summer,2
01/09/1932,20.2,9,Sep,1932,Autumn,3
01/10/1932,12.2,10,Oct,1932,Autumn,3
01/11/1932,5.8,11,Nov,1932,Autumn,3
01/12/1932,0.6,12,Dec,1932,Winter,4
01/01/1933,-6.4,1,Jan,1933,Winter,4
01/02/1933,-3.7,2,Feb,1933,Winter,4
01/03/1933,0.6,3,Mar,1933,Spring,1
01/04/1933,10.2,4,Apr,1933,Spring,1
01/05/1933,16.3,5,May,1933,Spring,1
01/06/1933,20.7,6,Jun,1933,Summer,2
01/07/1933,25.5,7,Jul,1933,Summer,2
01/08/1933,24.1,8,Aug,1933,Summer,2
01/09/1933,20.1,9,Sep,1933,Autumn,3
01/10/1933,13,10,Oct,1933,Autumn,3
01/11/1933,5.5,11,Nov,1933,Autumn,3
01/12/1933,0.4,12,Dec,1933,Winter,4
01/01/1934,-8.3,1,Jan,1934,Winter,4
01/02/1934,-2.3,2,Feb,1934,Winter,4
01/03/1934,2,3,Mar,1934,Spring,1
01/04/1934,9.1,4,Apr,1934,Spring,1
01/05/1934,16.9,5,May,1934,Spring,1
01/06/1934,20.2,6,Jun,1934,Summer,2
01/07/1934,23.8,7,Jul,1934,Summer,2
01/08/1934,24.1,8,Aug,1934,Summer,2
01/09/1934,19.3,9,Sep,1934,Autumn,3
01/10/1934,11.7,10,Oct,1934,Autumn,3
01/11/1934,4.3,11,Nov,1934,Autumn,3
01/12/1934,0.8,12,Dec,1934,Winter,4
01/01/1935,-3.2,1,Jan,1935,Winter,4
01/02/1935,-0.2,2,Feb,1935,Winter,4
01/03/1935,5.1,3,Mar,1935,Spring,1
01/04/1935,10.3,4,Apr,1935,Spring,1
01/05/1935,16,5,May,1935,Spring,1
01/06/1935,20.1,6,Jun,1935,Summer,2
01/07/1935,23.8,7,Jul,1935,Summer,2
01/08/1935,25,8,Aug,1935,Summer,2
01/09/1935,20.3,9,Sep,1935,Autumn,3
01/10/1935,14.6,10,Oct,1935,Autumn,3
01/11/1935,6.6,11,Nov,1935,Autumn,3
01/12/1935,-3.9,12,Dec,1935,Winter,4
01/01/1936,-8.8,1,Jan,1936,Winter,4
01/02/1936,-4.4,2,Feb,1936,Winter,4
01/03/1936,-0.2,3,Mar,1936,Spring,1
01/04/1936,9.1,4,Apr,1936,Spring,1
01/05/1936,15.8,5,May,1936,Spring,1
01/06/1936,20.7,6,Jun,1936,Summer,2
01/07/1936,23.6,7,Jul,1936,Summer,2
01/08/1936,22.7,8,Aug,1936,Summer,2
01/09/1936,20.1,9,Sep,1936,Autumn,3
01/10/1936,13.2,10,Oct,1936,Autumn,3
01/11/1936,5.7,11,Nov,1936,Autumn,3
01/12/1936,-0.5,12,Dec,1936,Winter,4
01/01/1937,-3.6,1,Jan,1937,Winter,4
01/02/1937,0.1,2,Feb,1937,Winter,4
01/03/1937,3.6,3,Mar,1937,Spring,1
01/04/1937,10.6,4,Apr,1937,Spring,1
01/05/1937,15.8,5,May,1937,Spring,1
01/06/1937,21.6,6,Jun,1937,Summer,2
01/07/1937,24.6,7,Jul,1937,Summer,2
01/08/1937,26.7,8,Aug,1937,Summer,2
01/09/1937,20.3,9,Sep,1937,Autumn,3
01/10/1937,13.8,10,Oct,1937,Autumn,3
01/11/1937,7.2,11,Nov,1937,Autumn,3
01/12/1937,-3.9,12,Dec,1937,Winter,4
01/01/1938,-6.3,1,Jan,1938,Winter,4
01/02/1938,-3.3,2,Feb,1938,Winter,4
01/03/1938,4.7,3,Mar,1938,Spring,1
01/04/1938,11.4,4,Apr,1938,Spring,1
01/05/1938,16.5,5,May,1938,Spring,1
01/06/1938,20,6,Jun,1938,Summer,2
01/07/1938,25.2,7,Jul,1938,Summer,2
01/08/1938,26.3,8,Aug,1938,Summer,2
01/09/1938,19.3,9,Sep,1938,Autumn,3
01/10/1938,15,10,Oct,1938,Autumn,3
01/11/1938,4.8,11,Nov,1938,Autumn,3
01/12/1938,-2.3,12,Dec,1938,Winter,4
01/01/1939,-5.2,1,Jan,1939,Winter,4
01/02/1939,-2,2,Feb,1939,Winter,4
01/03/1939,4.1,3,Mar,1939,Spring,1
01/04/1939,11.6,4,Apr,1939,Spring,1
01/05/1939,15.7,5,May,1939,Spring,1
01/06/1939,20.8,6,Jun,1939,Summer,2
01/07/1939,27.6,7,Jul,1939,Summer,2
01/08/1939,27.5,8,Aug,1939,Summer,2
01/09/1939,21,9,Sep,1939,Autumn,3
01/10/1939,14.3,10,Oct,1939,Autumn,3
01/11/1939,5.9,11,Nov,1939,Autumn,3
01/12/1939,-0.9,12,Dec,1939,Winter,4
01/01/1940,-7.4,1,Jan,1940,Winter,4
01/02/1940,-2.3,2,Feb,1940,Winter,4
01/03/1940,3.7,3,Mar,1940,Spring,1
01/04/1940,9.7,4,Apr,1940,Spring,1
01/05/1940,16.3,5,May,1940,Spring,1
01/06/1940,20.1,6,Jun,1940,Summer,2
01/07/1940,23.4,7,Jul,1940,Summer,2
01/08/1940,24.3,8,Aug,1940,Summer,2
01/09/1940,19.9,9,Sep,1940,Autumn,3
01/10/1940,14.7,10,Oct,1940,Autumn,3
01/11/1940,6.8,11,Nov,1940,Autumn,3
01/12/1940,-0.2,12,Dec,1940,Winter,4
01/01/1941,-3.8,1,Jan,1941,Winter,4
01/02/1941,-2.4,2,Feb,1941,Winter,4
01/03/1941,3.8,3,Mar,1941,Spring,1
01/04/1941,10,4,Apr,1941,Spring,1
01/05/1941,16.7,5,May,1941,Spring,1
01/06/1941,21.2,6,Jun,1941,Summer,2
01/07/1941,23.7,7,Jul,1941,Summer,2
01/08/1941,23.8,8,Aug,1941,Summer,2
01/09/1941,19.7,9,Sep,1941,Autumn,3
01/10/1941,12.9,10,Oct,1941,Autumn,3
01/11/1941,7.7,11,Nov,1941,Autumn,3
01/12/1941,0.4,12,Dec,1941,Winter,4
01/01/1942,-6.4,1,Jan,1942,Winter,4
01/02/1942,-3.5,2,Feb,1942,Winter,4
01/03/1942,5.9,3,Mar,1942,Spring,1
01/04/1942,9.9,4,Apr,1942,Spring,1
01/05/1942,15.3,5,May,1942,Spring,1
01/06/1942,22,6,Jun,1942,Summer,2
01/07/1942,26,7,Jul,1942,Summer,2
01/08/1942,25.4,8,Aug,1942,Summer,2
01/09/1942,20,9,Sep,1942,Autumn,3
01/10/1942,12.5,10,Oct,1942,Autumn,3
01/11/1942,4.7,11,Nov,1942,Autumn,3
01/12/1942,-1.2,12,Dec,1942,Winter,4
01/01/1943,-6.6,1,Jan,1943,Winter,4
01/02/1943,-2.4,2,Feb,1943,Winter,4
01/03/1943,5.4,3,Mar,1943,Spring,1
01/04/1943,10.6,4,Apr,1943,Spring,1
01/05/1943,16.7,5,May,1943,Spring,1
01/06/1943,21.5,6,Jun,1943,Summer,2
01/07/1943,26,7,Jul,1943,Summer,2
01/08/1943,27.8,8,Aug,1943,Summer,2
01/09/1943,20.9,9,Sep,1943,Autumn,3
01/10/1943,13.8,10,Oct,1943,Autumn,3
01/11/1943,6.1,11,Nov,1943,Autumn,3
01/12/1943,0,12,Dec,1943,Winter,4
01/01/1944,-4.3,1,Jan,1944,Winter,4
01/02/1944,-2.4,2,Feb,1944,Winter,4
01/03/1944,3.2,3,Mar,1944,Spring,1
01/04/1944,9.6,4,Apr,1944,Spring,1
01/05/1944,15.9,5,May,1944,Spring,1
01/06/1944,21.4,6,Jun,1944,Summer,2
01/07/1944,25.3,7,Jul,1944,Summer,2
01/08/1944,25.5,8,Aug,1944,Summer,2
01/09/1944,20.7,9,Sep,1944,Autumn,3
01/10/1944,13.5,10,Oct,1944,Autumn,3
01/11/1944,7.8,11,Nov,1944,Autumn,3
01/12/1944,-5.7,12,Dec,1944,Winter,4
01/01/1945,-7.8,1,Jan,1945,Winter,4
01/02/1945,-4.9,2,Feb,1945,Winter,4
01/03/1945,2.3,3,Mar,1945,Spring,1
01/04/1945,11,4,Apr,1945,Spring,1
01/05/1945,13.6,5,May,1945,Spring,1
01/06/1945,20.1,6,Jun,1945,Summer,2
01/07/1945,23.2,7,Jul,1945,Summer,2
01/08/1945,25.5,8,Aug,1945,Summer,2
01/09/1945,21.3,9,Sep,1945,Autumn,3
01/10/1945,13.5,10,Oct,1945,Autumn,3
01/11/1945,8.4,11,Nov,1945,Autumn,3
01/12/1945,-1.7,12,Dec,1945,Winter,4
01/01/1946,-3.2,1,Jan,1946,Winter,4
01/02/1946,-0.7,2,Feb,1946,Winter,4
01/03/1946,2.5,3,Mar,1946,Spring,1
01/04/1946,10.9,4,Apr,1946,Spring,1
01/05/1946,16,5,May,1946,Spring,1
01/06/1946,20.9,6,Jun,1946,Summer,2
01/07/1946,25.6,7,Jul,1946,Summer,2
01/08/1946,25.7,8,Aug,1946,Summer,2
01/09/1946,19.9,9,Sep,1946,Autumn,3
01/10/1946,13.8,10,Oct,1946,Autumn,3
01/11/1946,8.8,11,Nov,1946,Autumn,3
01/12/1946,-4.3,12,Dec,1946,Winter,4
01/01/1947,-3.9,1,Jan,1947,Winter,4
01/02/1947,-5.3,2,Feb,1947,Winter,4
01/03/1947,1.5,3,Mar,1947,Spring,1
01/04/1947,10.5,4,Apr,1947,Spring,1
01/05/1947,15.9,5,May,1947,Spring,1
01/06/1947,18.7,6,Jun,1947,Summer,2
01/07/1947,22.9,7,Jul,1947,Summer,2
01/08/1947,25.1,8,Aug,1947,Summer,2
01/09/1947,19.6,9,Sep,1947,Autumn,3
01/10/1947,11.8,10,Oct,1947,Autumn,3
01/11/1947,3.5,11,Nov,1947,Autumn,3
01/12/1947,-5.4,12,Dec,1947,Winter,4
01/01/1948,-4.5,1,Jan,1948,Winter,4
01/02/1948,-1.4,2,Feb,1948,Winter,4
01/03/1948,4.7,3,Mar,1948,Spring,1
01/04/1948,12.5,4,Apr,1948,Spring,1
01/05/1948,16,5,May,1948,Spring,1
01/06/1948,20.9,6,Jun,1948,Summer,2
01/07/1948,24.3,7,Jul,1948,Summer,2
01/08/1948,25.8,8,Aug,1948,Summer,2
01/09/1948,20.2,9,Sep,1948,Autumn,3
01/10/1948,13.3,10,Oct,1948,Autumn,3
01/11/1948,5.1,11,Nov,1948,Autumn,3
01/12/1948,3.8,12,Dec,1948,Winter,4
01/01/1949,-3,1,Jan,1949,Winter,4
01/02/1949,1.3,2,Feb,1949,Winter,4
01/03/1949,3.4,3,Mar,1949,Spring,1
01/04/1949,9.9,4,Apr,1949,Spring,1
01/05/1949,16.4,5,May,1949,Spring,1
01/06/1949,20.5,6,Jun,1949,Summer,2
01/07/1949,24.8,7,Jul,1949,Summer,2
01/08/1949,26.1,8,Aug,1949,Summer,2
01/09/1949,20.8,9,Sep,1949,Autumn,3
01/10/1949,13.9,10,Oct,1949,Autumn,3
01/11/1949,7,11,Nov,1949,Autumn,3
01/12/1949,-1.3,12,Dec,1949,Winter,4
01/01/1954,-1.5,1,Jan,1954,Winter,4
01/02/1954,0.4,2,Feb,1954,Winter,4
01/03/1954,3.1,3,Mar,1954,Spring,1
01/04/1954,11.8,4,Apr,1954,Spring,1
01/05/1954,16.6,5,May,1954,Spring,1
01/06/1954,19.6,6,Jun,1954,Summer,2
01/07/1954,21.9,7,Jul,1954,Summer,2
01/08/1954,25.7,8,Aug,1954,Summer,2
01/09/1954,20.3,9,Sep,1954,Autumn,3
01/10/1954,12.5,10,Oct,1954,Autumn,3
01/11/1954,9.5,11,Nov,1954,Autumn,3
01/12/1954,-2.7,12,Dec,1954,Winter,4
01/01/1955,-5.6,1,Jan,1955,Winter,4
01/02/1955,-0.1,2,Feb,1955,Winter,4
01/03/1955,4.4,3,Mar,1955,Spring,1
01/04/1955,11.1,4,Apr,1955,Spring,1
01/05/1955,15.9,5,May,1955,Spring,1
01/06/1955,21.4,6,Jun,1955,Summer,2
01/07/1955,24.5,7,Jul,1955,Summer,2
01/08/1955,26.2,8,Aug,1955,Summer,2
01/09/1955,20.7,9,Sep,1955,Autumn,3
01/10/1955,12.6,10,Oct,1955,Autumn,3
01/11/1955,5.9,11,Nov,1955,Autumn,3
01/12/1955,0.6,12,Dec,1955,Winter,4
01/01/1956,-3.9,1,Jan,1956,Winter,4
01/02/1956,-3.4,2,Feb,1956,Winter,4
01/03/1956,3.7,3,Mar,1956,Spring,1
01/04/1956,9.5,4,Apr,1956,Spring,1
01/05/1956,15.1,5,May,1956,Spring,1
01/06/1956,19.7,6,Jun,1956,Summer,2
01/07/1956,24.3,7,Jul,1956,Summer,2
01/08/1956,24.8,8,Aug,1956,Summer,2
01/09/1956,20.4,9,Sep,1956,Autumn,3
01/10/1956,12.8,10,Oct,1956,Autumn,3
01/11/1956,3.2,11,Nov,1956,Autumn,3
01/12/1956,-5.2,12,Dec,1956,Winter,4
01/01/1957,-3.5,1,Jan,1957,Winter,4
01/02/1957,-4.3,2,Feb,1957,Winter,4
01/03/1957,0,3,Mar,1957,Spring,1
01/04/1957,10.4,4,Apr,1957,Spring,1
01/05/1957,16.9,5,May,1957,Spring,1
01/06/1957,20.1,6,Jun,1957,Summer,2
01/07/1957,22.4,7,Jul,1957,Summer,2
01/08/1957,24.1,8,Aug,1957,Summer,2
01/09/1957,18.9,9,Sep,1957,Autumn,3
01/10/1957,12.5,10,Oct,1957,Autumn,3
01/11/1957,8.3,11,Nov,1957,Autumn,3
01/12/1957,-0.5,12,Dec,1957,Winter,4
01/01/1958,-6,1,Jan,1958,Winter,4
01/02/1958,-0.8,2,Feb,1958,Winter,4
01/03/1958,3.7,3,Mar,1958,Spring,1
01/04/1958,10.8,4,Apr,1958,Spring,1
01/05/1958,16.3,5,May,1958,Spring,1
01/06/1958,22.2,6,Jun,1958,Summer,2
01/07/1958,25.6,7,Jul,1958,Summer,2
01/08/1958,23.8,8,Aug,1958,Summer,2
01/09/1958,19.8,9,Sep,1958,Autumn,3
01/10/1958,12.7,10,Oct,1958,Autumn,3
01/11/1958,6.7,11,Nov,1958,Autumn,3
01/12/1958,4,12,Dec,1958,Winter,4
01/01/1959,-5.1,1,Jan,1959,Winter,4
01/02/1959,2.4,2,Feb,1959,Winter,4
01/03/1959,6,3,Mar,1959,Spring,1
01/04/1959,10.2,4,Apr,1959,Spring,1
01/05/1959,17.9,5,May,1959,Spring,1
01/06/1959,20.4,6,Jun,1959,Summer,2
01/07/1959,24.4,7,Jul,1959,Summer,2
01/08/1959,25.8,8,Aug,1959,Summer,2
01/09/1959,20.8,9,Sep,1959,Autumn,3
01/10/1959,14.8,10,Oct,1959,Autumn,3
01/11/1959,5.8,11,Nov,1959,Autumn,3
01/12/1959,1.1,12,Dec,1959,Winter,4
01/01/1960,-3.3,1,Jan,1960,Winter,4
01/02/1960,1.7,2,Feb,1960,Winter,4
01/03/1960,6.7,3,Mar,1960,Spring,1
01/04/1960,10.6,4,Apr,1960,Spring,1
01/05/1960,16.5,5,May,1960,Spring,1
01/06/1960,20.6,6,Jun,1960,Summer,2
01/07/1960,24.8,7,Jul,1960,Summer,2
01/08/1960,26.2,8,Aug,1960,Summer,2
01/09/1960,20.8,9,Sep,1960,Autumn,3
01/10/1960,15.1,10,Oct,1960,Autumn,3
01/11/1960,7.1,11,Nov,1960,Autumn,3
01/12/1960,-1.8,12,Dec,1960,Winter,4
01/01/1961,-5.2,1,Jan,1961,Winter,4
01/02/1961,-0.9,2,Feb,1961,Winter,4
01/03/1961,5.4,3,Mar,1961,Spring,1
01/04/1961,11.7,4,Apr,1961,Spring,1
01/05/1961,17.3,5,May,1961,Spring,1
01/06/1961,21.9,6,Jun,1961,Summer,2
01/07/1961,26.2,7,Jul,1961,Summer,2
01/08/1961,26.8,8,Aug,1961,Summer,2
01/09/1961,21.5,9,Sep,1961,Autumn,3
01/10/1961,15.6,10,Oct,1961,Autumn,3
01/11/1961,8.9,11,Nov,1961,Autumn,3
01/12/1961,-0.6,12,Dec,1961,Winter,4
01/01/1962,-3.4,1,Jan,1962,Winter,4
01/02/1962,-0.7,2,Feb,1962,Winter,4
01/03/1962,3.2,3,Mar,1962,Spring,1
01/04/1962,10,4,Apr,1962,Spring,1
01/05/1962,17.6,5,May,1962,Spring,1
01/06/1962,21.1,6,Jun,1962,Summer,2
01/07/1962,26.1,7,Jul,1962,Summer,2
01/08/1962,25.1,8,Aug,1962,Summer,2
01/09/1962,20.3,9,Sep,1962,Autumn,3
01/10/1962,13.6,10,Oct,1962,Autumn,3
01/11/1962,6.4,11,Nov,1962,Autumn,3
01/12/1962,1.1,12,Dec,1962,Winter,4
01/01/1963,-9.1,1,Jan,1963,Winter,4
01/02/1963,-2.4,2,Feb,1963,Winter,4
01/03/1963,5.5,3,Mar,1963,Spring,1
01/04/1963,11.4,4,Apr,1963,Spring,1
01/05/1963,16.9,5,May,1963,Spring,1
01/06/1963,21.2,6,Jun,1963,Summer,2
01/07/1963,24.5,7,Jul,1963,Summer,2
01/08/1963,25.7,8,Aug,1963,Summer,2
01/09/1963,20.5,9,Sep,1963,Autumn,3
01/10/1963,13.5,10,Oct,1963,Autumn,3
01/11/1963,6.5,11,Nov,1963,Autumn,3
01/12/1963,0.8,12,Dec,1963,Winter,4
01/01/1964,-0.1,1,Jan,1964,Winter,4
01/02/1964,-3.5,2,Feb,1964,Winter,4
01/03/1964,3.8,3,Mar,1964,Spring,1
01/04/1964,14.1,4,Apr,1964,Spring,1
01/05/1964,18.6,5,May,1964,Spring,1
01/06/1964,21.6,6,Jun,1964,Summer,2
01/07/1964,24.7,7,Jul,1964,Summer,2
01/08/1964,26.3,8,Aug,1964,Summer,2
01/09/1964,20.3,9,Sep,1964,Autumn,3
01/10/1964,13.8,10,Oct,1964,Autumn,3
01/11/1964,6.3,11,Nov,1964,Autumn,3
01/12/1964,0.2,12,Dec,1964,Winter,4
01/01/1965,-4.2,1,Jan,1965,Winter,4
01/02/1965,-1.2,2,Feb,1965,Winter,4
01/03/1965,2.7,3,Mar,1965,Spring,1
01/04/1965,10.3,4,Apr,1965,Spring,1
01/05/1965,17.3,5,May,1965,Spring,1
01/06/1965,22.1,6,Jun,1965,Summer,2
01/07/1965,24.1,7,Jul,1965,Summer,2
01/08/1965,24.4,8,Aug,1965,Summer,2
01/09/1965,20.9,9,Sep,1965,Autumn,3
01/10/1965,14.8,10,Oct,1965,Autumn,3
01/11/1965,7,11,Nov,1965,Autumn,3
01/12/1965,-2,12,Dec,1965,Winter,4
01/01/1966,-4.6,1,Jan,1966,Winter,4
01/02/1966,0.1,2,Feb,1966,Winter,4
01/03/1966,4.8,3,Mar,1966,Spring,1
01/04/1966,11.8,4,Apr,1966,Spring,1
01/05/1966,18.3,5,May,1966,Spring,1
01/06/1966,20.5,6,Jun,1966,Summer,2
01/07/1966,23.6,7,Jul,1966,Summer,2
01/08/1966,26.7,8,Aug,1966,Summer,2
01/09/1966,19.7,9,Sep,1966,Autumn,3
01/10/1966,14.4,10,Oct,1966,Autumn,3
01/11/1966,5.9,11,Nov,1966,Autumn,3
01/12/1966,-3,12,Dec,1966,Winter,4
01/01/1967,-4.4,1,Jan,1967,Winter,4
01/02/1967,-2.4,2,Feb,1967,Winter,4
01/03/1967,4.8,3,Mar,1967,Spring,1
01/04/1967,11.8,4,Apr,1967,Spring,1
01/05/1967,19.3,5,May,1967,Spring,1
01/06/1967,21.3,6,Jun,1967,Summer,2
01/07/1967,25.5,7,Jul,1967,Summer,2
01/08/1967,26.7,8,Aug,1967,Summer,2
01/09/1967,20.7,9,Sep,1967,Autumn,3
01/10/1967,14.5,10,Oct,1967,Autumn,3
01/11/1967,6.5,11,Nov,1967,Autumn,3
01/12/1967,-4.9,12,Dec,1967,Winter,4
01/01/1968,-4,1,Jan,1968,Winter,4
01/02/1968,-4.4,2,Feb,1968,Winter,4
01/03/1968,4.4,3,Mar,1968,Spring,1
01/04/1968,12.6,4,Apr,1968,Spring,1
01/05/1968,17.2,5,May,1968,Spring,1
01/06/1968,21,6,Jun,1968,Summer,2
01/07/1968,24.7,7,Jul,1968,Summer,2
01/08/1968,24.9,8,Aug,1968,Summer,2
01/09/1968,20.9,9,Sep,1968,Autumn,3
01/10/1968,13,10,Oct,1968,Autumn,3
01/11/1968,7.6,11,Nov,1968,Autumn,3
01/12/1968,3.1,12,Dec,1968,Winter,4
01/01/1969,-3.5,1,Jan,1969,Winter,4
01/02/1969,-2.7,2,Feb,1969,Winter,4
01/03/1969,2.9,3,Mar,1969,Spring,1
01/04/1969,10.6,4,Apr,1969,Spring,1
01/05/1969,16.4,5,May,1969,Spring,1
01/06/1969,20,6,Jun,1969,Summer,2
01/07/1969,24,7,Jul,1969,Summer,2
01/08/1969,24.8,8,Aug,1969,Summer,2
01/09/1969,20.8,9,Sep,1969,Autumn,3
01/10/1969,13.9,10,Oct,1969,Autumn,3
01/11/1969,5,11,Nov,1969,Autumn,3
01/12/1969,-2,12,Dec,1969,Winter,4
01/01/1970,-4.8,1,Jan,1970,Winter,4
01/02/1970,-0.2,2,Feb,1970,Winter,4
01/03/1970,0.4,3,Mar,1970,Spring,1
01/04/1970,12.2,4,Apr,1970,Spring,1
01/05/1970,18.7,5,May,1970,Spring,1
01/06/1970,20.5,6,Jun,1970,Summer,2
01/07/1970,23,7,Jul,1970,Summer,2
01/08/1970,25.9,8,Aug,1970,Summer,2
01/09/1970,21.2,9,Sep,1970,Autumn,3
01/10/1970,14.9,10,Oct,1970,Autumn,3
01/11/1970,5.7,11,Nov,1970,Autumn,3
01/12/1970,-1,12,Dec,1970,Winter,4
01/01/1971,-2.4,1,Jan,1971,Winter,4
01/02/1971,-0.7,2,Feb,1971,Winter,4
01/03/1971,2,3,Mar,1971,Spring,1
01/04/1971,11.2,4,Apr,1971,Spring,1
01/05/1971,16.6,5,May,1971,Spring,1
01/06/1971,21.6,6,Jun,1971,Summer,2
01/07/1971,23.9,7,Jul,1971,Summer,2
01/08/1971,24.6,8,Aug,1971,Summer,2
01/09/1971,20.6,9,Sep,1971,Autumn,3
01/10/1971,13,10,Oct,1971,Autumn,3
01/11/1971,8.7,11,Nov,1971,Autumn,3
01/12/1971,-1.2,12,Dec,1971,Winter,4
01/01/1972,0.8,1,Jan,1972,Winter,4
01/02/1972,-0.6,2,Feb,1972,Winter,4
01/03/1972,5.3,3,Mar,1972,Spring,1
01/04/1972,11.5,4,Apr,1972,Spring,1
01/05/1972,16.4,5,May,1972,Spring,1
01/06/1972,21.7,6,Jun,1972,Summer,2
01/07/1972,25.7,7,Jul,1972,Summer,2
01/08/1972,23.1,8,Aug,1972,Summer,2
01/09/1972,19,9,Sep,1972,Autumn,3
01/10/1972,13.8,10,Oct,1972,Autumn,3
01/11/1972,5.2,11,Nov,1972,Autumn,3
01/12/1972,0.6,12,Dec,1972,Winter,4
01/01/1973,0.4,1,Jan,1973,Winter,4
01/02/1973,0.6,2,Feb,1973,Winter,4
01/03/1973,4.5,3,Mar,1973,Spring,1
01/04/1973,12.4,4,Apr,1973,Spring,1
01/05/1973,17.4,5,May,1973,Spring,1
01/06/1973,21.4,6,Jun,1973,Summer,2
01/07/1973,26.8,7,Jul,1973,Summer,2
01/08/1973,25.9,8,Aug,1973,Summer,2
01/09/1973,20.3,9,Sep,1973,Autumn,3
01/10/1973,13,10,Oct,1973,Autumn,3
01/11/1973,4.7,11,Nov,1973,Autumn,3
01/12/1973,-3,12,Dec,1973,Winter,4
01/01/1974,-2.4,1,Jan,1974,Winter,4
01/02/1974,-2.1,2,Feb,1974,Winter,4
01/03/1974,3.7,3,Mar,1974,Spring,1
01/04/1974,10.7,4,Apr,1974,Spring,1
01/05/1974,16.7,5,May,1974,Spring,1
01/06/1974,19.7,6,Jun,1974,Summer,2
01/07/1974,23.5,7,Jul,1974,Summer,2
01/08/1974,25.1,8,Aug,1974,Summer,2
01/09/1974,20.6,9,Sep,1974,Autumn,3
01/10/1974,12.6,10,Oct,1974,Autumn,3
01/11/1974,5.4,11,Nov,1974,Autumn,3
01/12/1974,-0.5,12,Dec,1974,Winter,4
01/01/1975,-2.7,1,Jan,1975,Winter,4
01/02/1975,-0.8,2,Feb,1975,Winter,4
01/03/1975,4.4,3,Mar,1975,Spring,1
01/04/1975,13.3,4,Apr,1975,Spring,1
01/05/1975,16.7,5,May,1975,Spring,1
01/06/1975,21.4,6,Jun,1975,Summer,2
01/07/1975,24.9,7,Jul,1975,Summer,2
01/08/1975,27,8,Aug,1975,Summer,2
01/09/1975,22.6,9,Sep,1975,Autumn,3
01/10/1975,15.4,10,Oct,1975,Autumn,3
01/11/1975,9,11,Nov,1975,Autumn,3
01/12/1975,-1.6,12,Dec,1975,Winter,4
01/01/1976,-3.8,1,Jan,1976,Winter,4
01/02/1976,2.8,2,Feb,1976,Winter,4
01/03/1976,4.8,3,Mar,1976,Spring,1
01/04/1976,11.3,4,Apr,1976,Spring,1
01/05/1976,16.7,5,May,1976,Spring,1
01/06/1976,21.3,6,Jun,1976,Summer,2
01/07/1976,23.1,7,Jul,1976,Summer,2
01/08/1976,23.7,8,Aug,1976,Summer,2
01/09/1976,19.9,9,Sep,1976,Autumn,3
01/10/1976,13.7,10,Oct,1976,Autumn,3
01/11/1976,3.5,11,Nov,1976,Autumn,3
01/12/1976,0.4,12,Dec,1976,Winter,4
01/01/1977,-6.7,1,Jan,1977,Winter,4
01/02/1977,-2.4,2,Feb,1977,Winter,4
01/03/1977,5.4,3,Mar,1977,Spring,1
01/04/1977,12.5,4,Apr,1977,Spring,1
01/05/1977,17.4,5,May,1977,Spring,1
01/06/1977,22.5,6,Jun,1977,Summer,2
01/07/1977,26,7,Jul,1977,Summer,2
01/08/1977,24.6,8,Aug,1977,Summer,2
01/09/1977,21.5,9,Sep,1977,Autumn,3
01/10/1977,16.7,10,Oct,1977,Autumn,3
01/11/1977,7.6,11,Nov,1977,Autumn,3
01/12/1977,2.4,12,Dec,1977,Winter,4
01/01/1978,-2.4,1,Jan,1978,Winter,4
01/02/1978,-2.5,2,Feb,1978,Winter,4
01/03/1978,4.2,3,Mar,1978,Spring,1
01/04/1978,11.5,4,Apr,1978,Spring,1
01/05/1978,18.5,5,May,1978,Spring,1
01/06/1978,21.9,6,Jun,1978,Summer,2
01/07/1978,26.4,7,Jul,1978,Summer,2
01/08/1978,25.8,8,Aug,1978,Summer,2
01/09/1978,20.9,9,Sep,1978,Autumn,3
01/10/1978,14.5,10,Oct,1978,Autumn,3
01/11/1978,7.9,11,Nov,1978,Autumn,3
01/12/1978,1.6,12,Dec,1978,Winter,4
01/01/1979,0.9,1,Jan,1979,Winter,4
01/02/1979,0.6,2,Feb,1979,Winter,4
01/03/1979,6,3,Mar,1979,Spring,1
01/04/1979,11.2,4,Apr,1979,Spring,1
01/05/1979,16.5,5,May,1979,Spring,1
01/06/1979,21.4,6,Jun,1979,Summer,2
01/07/1979,24.3,7,Jul,1979,Summer,2
01/08/1979,25.4,8,Aug,1979,Summer,2
01/09/1979,20.1,9,Sep,1979,Autumn,3
01/10/1979,15.9,10,Oct,1979,Autumn,3
01/11/1979,5.7,11,Nov,1979,Autumn,3
01/12/1979,1.4,12,Dec,1979,Winter,4
01/01/1980,-3.7,1,Jan,1980,Winter,4
01/02/1980,-3.1,2,Feb,1980,Winter,4
01/03/1980,5.2,3,Mar,1980,Spring,1
01/04/1980,10.1,4,Apr,1980,Spring,1
01/05/1980,16.5,5,May,1980,Spring,1
01/06/1980,21.6,6,Jun,1980,Summer,2
01/07/1980,22.7,7,Jul,1980,Summer,2
01/08/1980,22.8,8,Aug,1980,Summer,2
01/09/1980,19.6,9,Sep,1980,Autumn,3
01/10/1980,13,10,Oct,1980,Autumn,3
01/11/1980,8.6,11,Nov,1980,Autumn,3
01/12/1980,-3.8,12,Dec,1980,Winter,4
01/01/1981,-7,1,Jan,1981,Winter,4
01/02/1981,-1.4,2,Feb,1981,Winter,4
01/03/1981,5.7,3,Mar,1981,Spring,1
01/04/1981,11.9,4,Apr,1981,Spring,1
01/05/1981,15.9,5,May,1981,Spring,1
01/06/1981,21.8,6,Jun,1981,Summer,2
01/07/1981,25.4,7,Jul,1981,Summer,2
01/08/1981,24.5,8,Aug,1981,Summer,2
01/09/1981,20,9,Sep,1981,Autumn,3
01/10/1981,13.4,10,Oct,1981,Autumn,3
01/11/1981,3.6,11,Nov,1981,Autumn,3
01/12/1981,0.1,12,Dec,1981,Winter,4
01/01/1982,-3.5,1,Jan,1982,Winter,4
01/02/1982,0.6,2,Feb,1982,Winter,4
01/03/1982,5.9,3,Mar,1982,Spring,1
01/04/1982,12.3,4,Apr,1982,Spring,1
01/05/1982,17.9,5,May,1982,Spring,1
01/06/1982,21.9,6,Jun,1982,Summer,2
01/07/1982,25.1,7,Jul,1982,Summer,2
01/08/1982,25.4,8,Aug,1982,Summer,2
01/09/1982,20.8,9,Sep,1982,Autumn,3
01/10/1982,15.8,10,Oct,1982,Autumn,3
01/11/1982,7.9,11,Nov,1982,Autumn,3
01/12/1982,-0.1,12,Dec,1982,Winter,4
01/01/1983,-1.7,1,Jan,1983,Winter,4
01/02/1983,-1.7,2,Feb,1983,Winter,4
01/03/1983,6.4,3,Mar,1983,Spring,1
01/04/1983,13.6,4,Apr,1983,Spring,1
01/05/1983,18.5,5,May,1983,Spring,1
01/06/1983,22.2,6,Jun,1983,Summer,2
01/07/1983,23.6,7,Jul,1983,Summer,2
01/08/1983,26,8,Aug,1983,Summer,2
01/09/1983,22,9,Sep,1983,Autumn,3
01/10/1983,14.2,10,Oct,1983,Autumn,3
01/11/1983,6.7,11,Nov,1983,Autumn,3
01/12/1983,-1.1,12,Dec,1983,Winter,4
01/01/1984,-5.9,1,Jan,1984,Winter,4
01/02/1984,-3.5,2,Feb,1984,Winter,4
01/03/1984,2.5,3,Mar,1984,Spring,1
01/04/1984,12.1,4,Apr,1984,Spring,1
01/05/1984,18.2,5,May,1984,Spring,1
01/06/1984,22.6,6,Jun,1984,Summer,2
01/07/1984,25.2,7,Jul,1984,Summer,2
01/08/1984,26.3,8,Aug,1984,Summer,2
01/09/1984,20.1,9,Sep,1984,Autumn,3
01/10/1984,13.8,10,Oct,1984,Autumn,3
01/11/1984,8.1,11,Nov,1984,Autumn,3
01/12/1984,-0.9,12,Dec,1984,Winter,4
01/01/1985,-5.9,1,Jan,1985,Winter,4
01/02/1985,-0.3,2,Feb,1985,Winter,4
01/03/1985,4.3,3,Mar,1985,Spring,1
01/04/1985,11.6,4,Apr,1985,Spring,1
01/05/1985,18.1,5,May,1985,Spring,1
01/06/1985,22.1,6,Jun,1985,Summer,2
01/07/1985,25.3,7,Jul,1985,Summer,2
01/08/1985,26.3,8,Aug,1985,Summer,2
01/09/1985,20.2,9,Sep,1985,Autumn,3
01/10/1985,14.7,10,Oct,1985,Autumn,3
01/11/1985,5.6,11,Nov,1985,Autumn,3
01/12/1985,-3.4,12,Dec,1985,Winter,4
01/01/1986,-5.4,1,Jan,1986,Winter,4
01/02/1986,-3.3,2,Feb,1986,Winter,4
01/03/1986,4.9,3,Mar,1986,Spring,1
01/04/1986,11.9,4,Apr,1986,Spring,1
01/05/1986,17.1,5,May,1986,Spring,1
01/06/1986,21.9,6,Jun,1986,Summer,2
01/07/1986,23.5,7,Jul,1986,Summer,2
01/08/1986,24.5,8,Aug,1986,Summer,2
01/09/1986,19.9,9,Sep,1986,Autumn,3
01/10/1986,12.7,10,Oct,1986,Autumn,3
01/11/1986,5.2,11,Nov,1986,Autumn,3
01/12/1986,1.9,12,Dec,1986,Winter,4
01/01/1987,-3,1,Jan,1987,Winter,4
01/02/1987,-0.1,2,Feb,1987,Winter,4
01/03/1987,4,3,Mar,1987,Spring,1
01/04/1987,10.8,4,Apr,1987,Spring,1
01/05/1987,17,5,May,1987,Spring,1
01/06/1987,22.4,6,Jun,1987,Summer,2
01/07/1987,23.7,7,Jul,1987,Summer,2
01/08/1987,24.4,8,Aug,1987,Summer,2
01/09/1987,20.1,9,Sep,1987,Autumn,3
01/10/1987,15.5,10,Oct,1987,Autumn,3
01/11/1987,7.5,11,Nov,1987,Autumn,3
01/12/1987,0.9,12,Dec,1987,Winter,4
01/01/1988,-2.1,1,Jan,1988,Winter,4
01/02/1988,-1.5,2,Feb,1988,Winter,4
01/03/1988,4.3,3,Mar,1988,Spring,1
01/04/1988,11.3,4,Apr,1988,Spring,1
01/05/1988,17.9,5,May,1988,Spring,1
01/06/1988,22.3,6,Jun,1988,Summer,2
01/07/1988,24.4,7,Jul,1988,Summer,2
01/08/1988,26.4,8,Aug,1988,Summer,2
01/09/1988,21.4,9,Sep,1988,Autumn,3
01/10/1988,15,10,Oct,1988,Autumn,3
01/11/1988,5.5,11,Nov,1988,Autumn,3
01/12/1988,0.1,12,Dec,1988,Winter,4
01/01/1989,0.8,1,Jan,1989,Winter,4
01/02/1989,2.4,2,Feb,1989,Winter,4
01/03/1989,6.1,3,Mar,1989,Spring,1
01/04/1989,14.3,4,Apr,1989,Spring,1
01/05/1989,17.9,5,May,1989,Spring,1
01/06/1989,21.2,6,Jun,1989,Summer,2
01/07/1989,24.5,7,Jul,1989,Summer,2
01/08/1989,25.5,8,Aug,1989,Summer,2
01/09/1989,20.7,9,Sep,1989,Autumn,3
01/10/1989,13.6,10,Oct,1989,Autumn,3
01/11/1989,7.1,11,Nov,1989,Autumn,3
01/12/1989,1.4,12,Dec,1989,Winter,4
01/01/1990,-3.2,1,Jan,1990,Winter,4
01/02/1990,2.7,2,Feb,1990,Winter,4
01/03/1990,7.2,3,Mar,1990,Spring,1
01/04/1990,11.3,4,Apr,1990,Spring,1
01/05/1990,16.2,5,May,1990,Spring,1
01/06/1990,20.7,6,Jun,1990,Summer,2
01/07/1990,24.9,7,Jul,1990,Summer,2
01/08/1990,26.4,8,Aug,1990,Summer,2
01/09/1990,21.1,9,Sep,1990,Autumn,3
01/10/1990,15.4,10,Oct,1990,Autumn,3
01/11/1990,10,11,Nov,1990,Autumn,3
01/12/1990,0.8,12,Dec,1990,Winter,4
01/01/1991,-2.6,1,Jan,1991,Winter,4
01/02/1991,-0.9,2,Feb,1991,Winter,4
01/03/1991,4.9,3,Mar,1991,Spring,1
01/04/1991,13,4,Apr,1991,Spring,1
01/05/1991,17.5,5,May,1991,Spring,1
01/06/1991,22.6,6,Jun,1991,Summer,2
01/07/1991,24.3,7,Jul,1991,Summer,2
01/08/1991,25.5,8,Aug,1991,Summer,2
01/09/1991,21.1,9,Sep,1991,Autumn,3
01/10/1991,13.8,10,Oct,1991,Autumn,3
01/11/1991,6.5,11,Nov,1991,Autumn,3
01/12/1991,2.2,12,Dec,1991,Winter,4
01/01/1992,-0.2,1,Jan,1992,Winter,4
01/02/1992,0.7,2,Feb,1992,Winter,4
01/03/1992,7.6,3,Mar,1992,Spring,1
01/04/1992,12,4,Apr,1992,Spring,1
01/05/1992,16.4,5,May,1992,Spring,1
01/06/1992,20.9,6,Jun,1992,Summer,2
01/07/1992,24.8,7,Jul,1992,Summer,2
01/08/1992,24.8,8,Aug,1992,Summer,2
01/09/1992,20.9,9,Sep,1992,Autumn,3
01/10/1992,14,10,Oct,1992,Autumn,3
01/11/1992,6.2,11,Nov,1992,Autumn,3
01/12/1992,1.5,12,Dec,1992,Winter,4
01/01/1993,-1.9,1,Jan,1993,Winter,4
01/02/1993,1,2,Feb,1993,Winter,4
01/03/1993,5.8,3,Mar,1993,Spring,1
01/04/1993,10.6,4,Apr,1993,Spring,1
01/05/1993,18.2,5,May,1993,Spring,1
01/06/1993,21.3,6,Jun,1993,Summer,2
01/07/1993,23.3,7,Jul,1993,Summer,2
01/08/1993,23.2,8,Aug,1993,Summer,2
01/09/1993,21.2,9,Sep,1993,Autumn,3
01/10/1993,13.4,10,Oct,1993,Autumn,3
01/11/1993,8.5,11,Nov,1993,Autumn,3
01/12/1993,-0.2,12,Dec,1993,Winter,4
01/01/1994,-0.9,1,Jan,1994,Winter,4
01/02/1994,0.8,2,Feb,1994,Winter,4
01/03/1994,4,3,Mar,1994,Spring,1
01/04/1994,15.2,4,Apr,1994,Spring,1
01/05/1994,17.9,5,May,1994,Spring,1
01/06/1994,22.8,6,Jun,1994,Summer,2
01/07/1994,28.5,7,Jul,1994,Summer,2
01/08/1994,27.6,8,Aug,1994,Summer,2
01/09/1994,21,9,Sep,1994,Autumn,3
01/10/1994,15.2,10,Oct,1994,Autumn,3
01/11/1994,9.3,11,Nov,1994,Autumn,3
01/12/1994,1.1,12,Dec,1994,Winter,4
01/01/1995,-2.1,1,Jan,1995,Winter,4
01/02/1995,1.2,2,Feb,1995,Winter,4
01/03/1995,6,3,Mar,1995,Spring,1
01/04/1995,11.3,4,Apr,1995,Spring,1
01/05/1995,17.1,5,May,1995,Spring,1
01/06/1995,21.6,6,Jun,1995,Summer,2
01/07/1995,24.5,7,Jul,1995,Summer,2
01/08/1995,26,8,Aug,1995,Summer,2
01/09/1995,20,9,Sep,1995,Autumn,3
01/10/1995,15.5,10,Oct,1995,Autumn,3
01/11/1995,6.2,11,Nov,1995,Autumn,3
01/12/1995,-1,12,Dec,1995,Winter,4
01/01/1996,-2.2,1,Jan,1996,Winter,4
01/02/1996,-1.6,2,Feb,1996,Winter,4
01/03/1996,4.9,3,Mar,1996,Spring,1
01/04/1996,10.2,4,Apr,1996,Spring,1
01/05/1996,18.4,5,May,1996,Spring,1
01/06/1996,22.3,6,Jun,1996,Summer,2
01/07/1996,24.4,7,Jul,1996,Summer,2
01/08/1996,26,8,Aug,1996,Summer,2
01/09/1996,22,9,Sep,1996,Autumn,3
01/10/1996,14.5,10,Oct,1996,Autumn,3
01/11/1996,6.1,11,Nov,1996,Autumn,3
01/12/1996,1.6,12,Dec,1996,Winter,4
01/01/1997,-3.3,1,Jan,1997,Winter,4
01/02/1997,0.7,2,Feb,1997,Winter,4
01/03/1997,6.8,3,Mar,1997,Spring,1
01/04/1997,13,4,Apr,1997,Spring,1
01/05/1997,17,5,May,1997,Spring,1
01/06/1997,23.4,6,Jun,1997,Summer,2
01/07/1997,26.1,7,Jul,1997,Summer,2
01/08/1997,26.8,8,Aug,1997,Summer,2
01/09/1997,20.2,9,Sep,1997,Autumn,3
01/10/1997,13.4,10,Oct,1997,Autumn,3
01/11/1997,8.8,11,Nov,1997,Autumn,3
01/12/1997,1.8,12,Dec,1997,Winter,4
01/01/1998,-1.3,1,Jan,1998,Winter,4
01/02/1998,3.4,2,Feb,1998,Winter,4
01/03/1998,7.3,3,Mar,1998,Spring,1
01/04/1998,15.6,4,Apr,1998,Spring,1
01/05/1998,19,5,May,1998,Spring,1
01/06/1998,21.9,6,Jun,1998,Summer,2
01/07/1998,24.9,7,Jul,1998,Summer,2
01/08/1998,25,8,Aug,1998,Summer,2
01/09/1998,23,9,Sep,1998,Autumn,3
01/10/1998,17,10,Oct,1998,Autumn,3
01/11/1998,7.3,11,Nov,1998,Autumn,3
01/12/1998,2.3,12,Dec,1998,Winter,4
01/01/1999,-0.8,1,Jan,1999,Winter,4
01/02/1999,0.7,2,Feb,1999,Winter,4
01/03/1999,6.7,3,Mar,1999,Spring,1
01/04/1999,13.9,4,Apr,1999,Spring,1
01/05/1999,17.5,5,May,1999,Spring,1
01/06/1999,23.1,6,Jun,1999,Summer,2
01/07/1999,25.9,7,Jul,1999,Summer,2
01/08/1999,26,8,Aug,1999,Summer,2
01/09/1999,22.9,9,Sep,1999,Autumn,3
01/10/1999,14.3,10,Oct,1999,Autumn,3
01/11/1999,7.9,11,Nov,1999,Autumn,3
01/12/1999,0.4,12,Dec,1999,Winter,4
01/01/2000,-2.1,1,Jan,2000,Winter,4
01/02/2000,-1.7,2,Feb,2000,Winter,4
01/03/2000,6.3,3,Mar,2000,Spring,1
01/04/2000,11.9,4,Apr,2000,Spring,1
01/05/2000,17.5,5,May,2000,Spring,1
01/06/2000,23.7,6,Jun,2000,Summer,2
01/07/2000,26.8,7,Jul,2000,Summer,2
01/08/2000,26.2,8,Aug,2000,Summer,2
01/09/2000,20.7,9,Sep,2000,Autumn,3
01/10/2000,14.9,10,Oct,2000,Autumn,3
01/11/2000,7,11,Nov,2000,Autumn,3
01/12/2000,0.9,12,Dec,2000,Winter,4
01/01/2001,-4.1,1,Jan,2001,Winter,4
01/02/2001,-0.3,2,Feb,2001,Winter,4
01/03/2001,5,3,Mar,2001,Spring,1
01/04/2001,13.6,4,Apr,2001,Spring,1
01/05/2001,19.1,5,May,2001,Spring,1
01/06/2001,22.5,6,Jun,2001,Summer,2
01/07/2001,25.9,7,Jul,2001,Summer,2
01/08/2001,26.5,8,Aug,2001,Summer,2
01/09/2001,22.5,9,Sep,2001,Autumn,3
01/10/2001,16.5,10,Oct,2001,Autumn,3
01/11/2001,7,11,Nov,2001,Autumn,3
01/12/2001,-0.6,12,Dec,2001,Winter,4
01/01/2002,0.3,1,Jan,2002,Winter,4
01/02/2002,2.9,2,Feb,2002,Winter,4
01/03/2002,7.6,3,Mar,2002,Spring,1
01/04/2002,13.6,4,Apr,2002,Spring,1
01/05/2002,18.2,5,May,2002,Spring,1
01/06/2002,22.2,6,Jun,2002,Summer,2
01/07/2002,25.2,7,Jul,2002,Summer,2
01/08/2002,24.2,8,Aug,2002,Summer,2
01/09/2002,21.6,9,Sep,2002,Autumn,3
01/10/2002,12.8,10,Oct,2002,Autumn,3
01/11/2002,4,11,Nov,2002,Autumn,3
01/12/2002,1.7,12,Dec,2002,Winter,4
01/01/2003,-2.5,1,Jan,2003,Winter,4
01/02/2003,2.7,2,Feb,2003,Winter,4
01/03/2003,6.5,3,Mar,2003,Spring,1
01/04/2003,13.2,4,Apr,2003,Spring,1
01/05/2003,19.6,5,May,2003,Spring,1
01/06/2003,21.5,6,Jun,2003,Summer,2
01/07/2003,23.8,7,Jul,2003,Summer,2
01/08/2003,24.1,8,Aug,2003,Summer,2
01/09/2003,20.9,9,Sep,2003,Autumn,3
01/10/2003,13.9,10,Oct,2003,Autumn,3
01/11/2003,9.5,11,Nov,2003,Autumn,3
01/12/2003,0.7,12,Dec,2003,Winter,4
01/01/2004,-1.5,1,Jan,2004,Winter,4
01/02/2004,2.3,2,Feb,2004,Winter,4
01/03/2004,6.3,3,Mar,2004,Spring,1
01/04/2004,13.1,4,Apr,2004,Spring,1
01/05/2004,17.6,5,May,2004,Spring,1
01/06/2004,23.2,6,Jun,2004,Summer,2
01/07/2004,24.8,7,Jul,2004,Summer,2
01/08/2004,26.1,8,Aug,2004,Summer,2
01/09/2004,21.7,9,Sep,2004,Autumn,3
01/10/2004,15.2,10,Oct,2004,Autumn,3
01/11/2004,9.1,11,Nov,2004,Autumn,3
01/12/2004,1.9,12,Dec,2004,Winter,4
01/01/2005,-2.5,1,Jan,2005,Winter,4
01/02/2005,-1.9,2,Feb,2005,Winter,4
01/03/2005,4.1,3,Mar,2005,Spring,1
01/04/2005,13.2,4,Apr,2005,Spring,1
01/05/2005,17.7,5,May,2005,Spring,1
01/06/2005,22.7,6,Jun,2005,Summer,2
01/07/2005,25.3,7,Jul,2005,Summer,2
01/08/2005,25.1,8,Aug,2005,Summer,2
01/09/2005,21.8,9,Sep,2005,Autumn,3
01/10/2005,14.7,10,Oct,2005,Autumn,3
01/11/2005,8.6,11,Nov,2005,Autumn,3
01/12/2005,-3.9,12,Dec,2005,Winter,4
01/01/2006,-0.2,1,Jan,2006,Winter,4
01/02/2006,0.1,2,Feb,2006,Winter,4
01/03/2006,5.2,3,Mar,2006,Spring,1
01/04/2006,11.6,4,Apr,2006,Spring,1
01/05/2006,18.4,5,May,2006,Spring,1
01/06/2006,21.8,6,Jun,2006,Summer,2
01/07/2006,23.1,7,Jul,2006,Summer,2
01/08/2006,27,8,Aug,2006,Summer,2
01/09/2006,21.1,9,Sep,2006,Autumn,3
01/10/2006,17.9,10,Oct,2006,Autumn,3
01/11/2006,8.4,11,Nov,2006,Autumn,3
01/12/2006,1.4,12,Dec,2006,Winter,4
01/01/2007,0.4,1,Jan,2007,Winter,4
01/02/2007,4,2,Feb,2007,Winter,4
01/03/2007,6.1,3,Mar,2007,Spring,1
01/04/2007,11.4,4,Apr,2007,Spring,1
01/05/2007,18.1,5,May,2007,Spring,1
01/06/2007,23.2,6,Jun,2007,Summer,2
01/07/2007,24.2,7,Jul,2007,Summer,2
01/08/2007,26.5,8,Aug,2007,Summer,2
01/09/2007,21.5,9,Sep,2007,Autumn,3
01/10/2007,15.1,10,Oct,2007,Autumn,3
01/11/2007,6.7,11,Nov,2007,Autumn,3
01/12/2007,1.8,12,Dec,2007,Winter,4
01/01/2008,-1.7,1,Jan,2008,Winter,4
01/02/2008,-1.2,2,Feb,2008,Winter,4
01/03/2008,7.3,3,Mar,2008,Spring,1
01/04/2008,14.1,4,Apr,2008,Spring,1
01/05/2008,17.7,5,May,2008,Spring,1
01/06/2008,21.5,6,Jun,2008,Summer,2
01/07/2008,25.1,7,Jul,2008,Summer,2
01/08/2008,25.3,8,Aug,2008,Summer,2
01/09/2008,22,9,Sep,2008,Autumn,3
01/10/2008,16.1,10,Oct,2008,Autumn,3
01/11/2008,7.6,11,Nov,2008,Autumn,3
01/12/2008,1.1,12,Dec,2008,Winter,4
01/01/2009,-2,1,Jan,2009,Winter,4
01/02/2009,2.9,2,Feb,2009,Winter,4
01/03/2009,6,3,Mar,2009,Spring,1
01/04/2009,12.7,4,Apr,2009,Spring,1
01/05/2009,19.1,5,May,2009,Spring,1
01/06/2009,22.4,6,Jun,2009,Summer,2
01/07/2009,24.3,7,Jul,2009,Summer,2
01/08/2009,25.7,8,Aug,2009,Summer,2
01/09/2009,21.8,9,Sep,2009,Autumn,3
01/10/2009,16,10,Oct,2009,Autumn,3
01/11/2009,6.9,11,Nov,2009,Autumn,3
01/12/2009,-1,12,Dec,2009,Winter,4
01/01/2010,-4.5,1,Jan,2010,Winter,4
01/02/2010,1.4,2,Feb,2010,Winter,4
01/03/2010,4.3,3,Mar,2010,Spring,1
01/04/2010,9.5,4,Apr,2010,Spring,1
01/05/2010,17.2,5,May,2010,Spring,1
01/06/2010,23.4,6,Jun,2010,Summer,2
01/07/2010,25.8,7,Jul,2010,Summer,2
01/08/2010,26.5,8,Aug,2010,Summer,2
01/09/2010,21.8,9,Sep,2010,Autumn,3
01/10/2010,14.5,10,Oct,2010,Autumn,3
01/11/2010,6.5,11,Nov,2010,Autumn,3
01/12/2010,-1.3,12,Dec,2010,Winter,4
01/01/2011,-7.2,1,Jan,2011,Winter,4
01/02/2011,1.2,2,Feb,2011,Winter,4
01/03/2011,3.6,3,Mar,2011,Spring,1
01/04/2011,10.7,4,Apr,2011,Spring,1
